2024-07-28 04:55:06,Indihome Telkom,Bizznet,MyRepublik
Pass,368,661,331
Block,1462,1126,1329
NX,0,3,4
FAIL,7,47,173
Sample,1837,1837,1837
Eff (%),79.59%,61.40%,72.50%
Error (%),0.003810560696788,0.025585193249864,0.094175285792052
Time Elapsed (Sec),56,346,5724
Benchmark,32.8035714285714,5.3092485549133,0.320929419986024
