2024-08-03 01:50:00,Indihome Telkom,Bizznet,MyRepublik,
Pass,576,576,1686,=6-(3+4+5)
Block,1836,1716,719,
NX,0,0,1,
FAIL,7,127,13,
Sample,2419,2419,2419,
Eff (%),75.90%,70.94%,29.76%,=(3+4)/6
Error (%),0.002893757751137,0.052501033484911,0.005374121537826,=5/6
Time Elapsed (Sec),179,779,117,
Benchmark,13.5139664804469,3.10526315789474,20.6752136752137,=6/9
